Points Used, Total X Movement (cm), Total Y Movement (cm), Total R Movement (cm), Original Number of Points
794,202.95501651827192,135.9413891767257,275.7063935304085,875
Time (s), X (cm), Y (cm), R (cm)
1.0,32.49809390618439,13.528710920561172,35.201592672879016
1.013,31.572209611730848,13.693996392749524,34.414095324034115
1.027,30.824886361461054,13.870891765874305,33.80200079252096
1.04,30.301204461636146,14.047690281166973,33.39911067770325
1.053,30.01908981096721,14.214194457026704,33.21429025496532
1.067,29.968483629541147,14.363600469409453,33.232860687862775
1.08,30.114266784211893,14.493929548646014,33.42069804345507
1.093,30.402433250470462,14.608680340315898,33.73012731720478
1.107,30.768543410260083,14.716511857935524,34.10687591753041
1.12,31.147172097648795,14.82995806492724,34.49744897652654
1.133,31.480944769900354,14.963383355588556,34.8561719793184
1.147,31.72784527592225,15.130567105387492,35.150963383433684
1.16,31.865766336253863,15.342411845828707,35.366886567010035
1.173,31.89371535147686,15.605273493898459,35.506811173919864
1.187,31.829616373163628,15.920304472998502,35.58905130761063
1.2,31.70518308130671,16.283997107983133,35.642491439740574
1.213,31.55879466486863,16.689853687767084,35.700262419461474
1.227,31.427614585875492,17.130845016073184,35.79330676988441
1.24,31.340301402099463,17.602109663994472,35.945079727241186
1.253,31.311551673341615,18.103241955699673,36.16822690565501
1.267,31.339402444213142,18.639548717986575,36.463556079605674
1.28,31.40575293725318,19.221826154758684,36.8211884419766
1.293,31.480016362080335,19.864492122422146,37.22350705452963
1.307,31.525272732223932,20.582253026147868,37.6493288183664
1.32,31.505852716966114,21.38582001514916,38.07849856734789
1.333,31.39501707307981,22.27744537648935,38.495865615952056
1.347,31.181354795059384,23.24716882296055,38.893543746213226
1.36,30.87271771747866,24.270611867143938,39.27069263036583
1.373,30.49691175006052,25.308937033679936,39.630845563345666
1.387,30.098910511905366,26.311232146261535,39.977810733682674
1.4,29.734954632949435,27.219151830796626,40.311905851888476
1.413,29.464446799079344,27.973228877207752,40.62825567252951
1.427,29.340952455386514,28.519938352188785,40.917946852229775
1.44,29.403796231161348,28.81842321229407,41.171406937904706
1.453,29.671669034448758,28.845808709747015,41.38222593589163
1.467,30.13933926647916,28.600244536590186,41.549413461235396
1.48,30.778046541892166,28.101181613008357,41.6769067588054
1.493,31.539535870141457,27.38684758183578,41.77058466642099
1.507,32.36307280421049,26.509347055420328,41.83436341855044
1.52,33.18427479097394,25.52819439152091,41.86746711104158
1.533,33.944291042567976,24.503319124783932,41.86439468705552
1.547,34.597817125095446,23.488627376765198,41.817754194433626
1.56,35.11864944416492,22.527053611603815,41.72274779065034
1.573,35.50192914592913,21.6477297480931,41.58138016383111
1.587,35.76281383766528,20.86549600126888,41.40468303183192
1.6,35.93194185652619,20.182559254197763,41.2121358780394
1.613,36.04860398935289,19.591749703277298,41.02850845469593
1.627,36.152912643442825,19.080598776299063,40.87911865814273
1.64,36.27839267041897,18.635396873724478,40.784798533158515
1.653,36.446290842406775,18.244490339338874,40.75774213461209
1.667,36.662540747682435,17.900312233890258,40.79905724580209
1.68,36.91779812766764,17.599954674387515,40.8984379058139
1.693,37.19037910911536,17.34441277022646,41.03599581615778
1.707,37.451400793261286,17.136894739476705,41.185926998058406
1.72,37.67103918359239,16.980748757928904,41.32133857405466
1.733,37.824652190482674,16.877579440011257,41.41928296198374
1.747,37.89759126954353,16.82602040814654,41.464953717672785
1.76,37.887822854240774,16.82142641582147,41.454161519649944
1.773,37.80593676888444,16.856500364610092,41.393604089460354
1.787,37.672640941996114,16.92263585446806,41.29895252675895
1.8,37.51432727697834,17.01158722397691,41.19124726107739
1.813,37.357649616315406,17.117011699773784,41.09240896303821
1.827,37.224216227373496,17.235473241812027,41.020772928011425
1.84,37.12644077965426,17.366640053838683,40.98747115552225
1.853,37.06533569489147,17.512611068886315,40.994275900728816
1.867,37.03062722503869,17.676521912701123,41.033239935569064
1.88,37.003106338469806,17.86075759004718,41.0881557189725
1.893,36.95869637296764,18.065197291824582,41.13753262875348
1.907,36.873400947395076,18.28591507208691,41.158503221702944
1.92,36.72815174150163,18.514660681755494,41.13088608949863
1.933,36.5126272472994,18.73927171993608,41.04061711394977
1.947,36.227343113905,18.944961800754342,40.88192714054269
1.96,35.88367066084445,19.11623667101545,40.65794294548391
1.973,35.50184825112566,19.239054158794055,40.379728010116224
1.987,35.10742917272199,19.302793882425835,40.064066628153306
2.0,34.72688749180425,19.30164829351448,39.730471199256634
2.013,34.383231167912925,19.23517577119688,39.39795137434151
2.027,34.09243237913077,19.10793865714283,39.08205809896323
2.04,33.861294738241924,18.928342740109702,38.7926467289505
2.053,33.68708052354639,18.70695666731741,38.53270846894609
2.067,33.55888076946559,18.454685174379303,38.29848408729336
2.08,33.460394118028596,18.18117981686189,38.080878063233634
2.093,33.37354475347124,17.893795710622165,37.86794705744462
2.107,33.28225374027692,17.59726237509592,37.64800203370882
2.12,33.175694028911074,17.294064984236364,37.4127165276583
2.133,33.05049347752255,16.985369131163203,37.159627065265774
2.147,32.91156749773021,16.67220446083754,36.893545190746075
2.16,32.77151614445076,16.356575668901748,36.62662744532324
2.173,32.64876073288015,16.042201934999945,36.37710571659286
2.187,32.564781665035994,15.734687936541652,36.16691042032501
2.2,32.54092663507282,15.441075516923744,36.01858852576727
2.213,32.59527959913895,15.168879713692137,35.952011959200625
2.227,32.740025691664876,14.92483983652579,35.981385832633286
2.24,32.97963767570792,14.713686458206077,36.11300417316967
2.253,33.31007289985064,14.537223137943922,36.344075351503115
2.267,33.71903183323337,14.393949070641028,36.662772366786626
2.28,34.18720880551299,14.27932362685762,37.049484870268834
2.293,34.69037178357102,14.186625794720811,37.47909078301951
2.307,35.202041122367106,14.108225529237597,37.92394661377764
2.32,35.69649177894731,14.036991336497762,38.35722423619006
2.333,36.151772949469795,13.96752996487974,38.756194094748636
2.347,36.55242031674912,13.89699559298105,39.10506255619122
2.36,36.89153202156578,13.825306905527691,39.397008083485794
2.373,37.171899192033614,13.754746869919163,39.63512521739096
2.387,37.40593780817768,13.689059979787134,39.83207936374232
2.4,37.61427158213933,13.632272973650352,40.00840278095406
2.413,37.8229686546493,13.587522401856583,40.18952255092785
2.427,38.05962923568439,13.556163513422055,40.40179385572375
2.44,38.34873348924119,13.537362818744683,40.66799174185
2.453,38.706852996060796,13.528258923275478,41.00285670967138
2.467,39.1384621665481,13.524640652701517,41.40936036148136
2.48,39.63311718101727,13.521969646362281,41.87633747835869
2.493,40.16467082042785,13.516494435646067,42.378017933147596
2.507,40.69295477483588,13.506182544538172,42.87579194875852
2.52,41.16800670329423,13.491240412172937,43.322261526627706
2.533,41.536495053181085,13.474087353607244,43.66728124483565
2.547,41.74956982381443,13.45877676103671,43.865308073430626
2.56,41.77102192093073,13.449986078777085,43.883030864312154
2.573,41.584442688528604,13.451797670324728,43.706026292479095
2.587,41.19809324408681,13.466543184963543,43.343173306773004
2.6,40.64644104614089,13.493973743874934,42.82780051692817
2.613,39.98777765528986,13.530950340995737,42.215032618006965
2.627,39.29793422661068,13.571739198002089,41.57547040428533
2.64,38.66076404142736,13.608870163368799,40.98604669140892
2.653,38.15665115215211,13.634400340574487,40.51946322193926
2.667,37.850720885250716,13.641344383852184,40.233858230749014
2.68,37.782585780422075,13.625003061912771,40.16421910970117
2.693,37.95931593732802,13.583946703279954,40.31666249167254
2.707,38.352884836532,13.520481840241043,40.666290763685026
2.72,38.90267331970603,13.44053001162449,41.159031067472256
2.733,39.52282270309666,13.352954543536487,41.71756116388114
2.747,40.113446214807375,13.268462029843935,42.25092486402699
2.76,40.57407162952571,13.198263624438976,42.666725340692274
2.773,40.81730998191408,13.152699581433318,42.88410312037666
2.787,40.78069447716429,13.140011134854328,42.8453607134298
2.8,40.43492176090026,13.165397529757579,42.52423532442027
2.813,39.78730605451227,13.230438222557462,41.92939563881571
2.827,38.88002525274421,13.332906425865442,41.10258820822494
2.84,37.783563594014865,13.466961441214194,40.111802855545086
2.853,36.58649589342177,13.623687578213458,39.04070369483798
2.867,35.38328885497919,13.791943079605344,37.976240257639624
2.88,34.262030848447075,13.959483552190052,36.996674700624155
2.893,33.29391260881134,14.114318892269514,36.162115737271826
2.907,32.52589629571187,14.246240907635208,35.50900322225029
2.92,31.977409733963036,14.348417607830799,35.048991727900855
2.933,31.64120205789577,14.418895211085738,34.77168685549867
2.947,31.487824281622526,14.46179476206458,34.6500589570987
2.96,31.47266926981379,14.487957021279597,34.64721936342837
2.973,31.54420271121992,14.514797540205855,34.723422531768094
2.987,31.651975509513658,14.565198253134875,34.842395925194005
3.0,31.753213008699102,14.665385584989922,34.97627868616454
3.013,31.817167366883815,14.84191602291005,35.10861162853653
3.027,31.82690580046862,15.118081286392396,35.23504384293953
3.04,31.778688743992326,15.51021844971274,35.36172980278756
3.053,31.679478127948606,16.024523600904985,35.501756169169084
3.067,31.543344685257917,16.654984441265096,35.670311193929486
3.08,31.387590393374083,17.38294625333937,35.87962724372585
3.093,31.229283729359896,18.17860776354846,36.13488539444683
3.107,31.082670328690632,19.004434763964653,36.43214151624707
3.12,30.95763841657027,19.82012909394776,36.75884782786128
3.133,30.859158198507213,20.58846316525531,37.09679851722477
3.147,30.787434714560543,21.281053460107724,37.42658644166324
3.16,30.738446011421683,21.883057602200747,37.732217973746536
3.173,30.704582985817147,22.395872341517236,38.00455912480065
3.187,30.675234806447683,22.837184834990232,38.2427384168316
3.2,30.637325204752592,23.238151529485442,38.45331432021296
3.213,30.57594438576589,23.637980201075738,38.64767112088253
3.227,30.475291352690245,24.07668251209573,38.838512121599265
3.24,30.320115231661617,24.587152933146758,39.036360960253276
3.253,30.09772266125589,25.187934280628497,39.24671887838697
3.267,29.80043029861849,25.877999582858745,39.46817082654397
3.28,29.428136831694715,26.63460536072484,39.691528568530835
3.293,28.99052618693811,27.414789422346455,39.90014144921223
3.307,28.50834553443064,28.160474838881917,40.07166215995779
3.32,28.013261175389104,28.80650695873379,40.18155851686369
3.333,27.54598627727507,29.29040724220339,40.20832396907321
3.347,27.152668584625317,29.56227888784189,40.1397028428094
3.36,26.879868280743892,29.59321467924469,39.978565179881144
3.373,26.768774683381572,29.380760415310466,39.74665244560257
3.387,26.849533446049293,28.95044848073437,39.484502193977
3.4,27.136627141551674,28.35305824570894,39.24655965182379
3.413,27.626144399667716,27.657971263504088,39.09177955535038
3.427,28.29549564071701,26.943643844556792,39.07166514465641
3.44,29.105732669157874,26.28670104730474,39.219055651033415
3.453,30.006178783636017,25.751379073393046,39.54117207894973
3.467,30.940662880257634,25.38096918208291,40.01897320136531
3.48,31.854358048909646,25.19256130975497,40.612378310730556
3.493,32.70011322603555,25.17581614660343,41.26886385209948
3.507,33.443261251660886,25.29581491842339,41.932445379848446
3.52,34.064172624633336,25.49936890252941,42.550977321656234
3.533,34.558247030947534,25.723632965945814,43.081060001103594
3.547,34.933511865079254,25.90554948639724,43.49077770539186
3.56,35.20643449283446,25.99059825858066,43.760761276938275
3.573,35.3968666246896,25.939541247419804,43.88391467237919
3.587,35.52316402685404,25.732276997097376,43.86394033752695
3.6,35.598440039391946,25.3684701183324,43.71279228535862
3.613,35.62863686071257,24.865189978229452,43.44741001723772
3.627,35.612692736240234,24.25227539667505,43.08638701309299
3.64,35.544630922532185,23.566456855877718,42.64737595865632
3.653,35.41699125384046,22.845369175349973,42.14586767682737
3.667,35.22475037189038,22.122473870199638,41.59551524983982
3.68,34.96878749397455,21.42362077281783,41.0096040680261
3.693,34.65806524150837,20.76558325711871,40.40285799659449
3.707,34.30998361887823,20.156486097268086,39.79269917606814
3.72,33.948767328853776,19.597692446973976,39.199341223990366
3.733,33.60217661732881,19.086490398263354,38.64453893042532
3.747,33.2971989251559,18.618853233761417,38.1492483805612
3.76,33.05560573169788,18.19163881376582,37.73074069005231
3.773,32.89029881606871,17.803808287842987,37.39983082529328
3.787,32.80321490560622,17.456525419911358,37.1588641898457
3.8,32.78524035196365,17.152278955529393,37.000981855949746
3.813,32.81817484107552,16.893390737882747,36.91096382542977
3.827,32.87836162510867,16.680388757973624,36.86762851430169
3.84,32.94125935172294,16.510719950884734,36.84739395091622
3.853,32.98603851924035,16.37816300409679,36.8282902207199
3.867,32.999283721081795,16.27311088011133,36.79357095772102
3.88,32.97707140862287,16.183674709806215,36.73416074721503
3.893,32.925032681081824,16.09736643947085,36.6494608873979
3.907,32.856431150933766,16.002989559326576,36.54641901489072
3.92,32.788700148830806,15.892330183177666,36.437137869227286
3.933,32.73920563759737,15.761297417761579,36.33557598376591
3.947,32.72116427962071,15.610293853602531,36.254046201903414
3.96,32.74061571557485,15.443769923770901,36.200247884418104
3.973,32.79512928366381,15.269088644766141,36.17548303442471
3.987,32.87456155323276,15.094961518944322,36.1745029070988
4.0,32.96374520600512,14.929785131459552,36.1871107174637
4.013,33.046569985275084,14.78020096088375,36.20124484373145
4.027,33.1105980806964,14.650125847258211,36.20687631654958
4.04,33.15120533877022,14.540380055286159,36.199793750316736
4.053,33.1742894914994,14.448905154114396,36.184310735709765
4.067,33.19683151789922,14.37144685589566,36.17413589236957
4.08,33.244992638540104,14.302503375770419,36.19103671284521
4.093,33.349904008964096,14.236320218299324,36.26139697757213
4.107,33.54176996286329,14.167745449044082,36.411198048822115
4.12,33.843270798604934,14.092830446786557,36.66026252428615
4.133,34.26344722784452,14.009146657005138,37.01675304497633
4.147,34.79323576726992,13.915864183572872,37.472930645100035
4.16,35.40360021802327,13.813683414410791,38.003062480163166
4.173,36.04680445380698,13.704716616621527,38.5641202268754
4.187,36.660862822114765,13.592385161031121,39.099511470448526
4.2,37.17667262982179,13.481343430474299,39.545563702080834
4.213,37.526868652274814,13.37738311932173,39.83993285594492
4.227,37.65512120791507,13.287232992657893,39.93067384585379
4.24,37.52448132154692,13.218165250951499,39.7845018952429
4.253,37.123479796841224,13.177356129184428,39.39283522141854
4.267,36.46899634151188,13.171018484764906,38.77452026889857
4.28,35.60538183549918,13.203409926938726,37.97463955524106
4.293,34.59986828906089,13.275896735252475,37.0594160739946
4.307,33.53485126767823,13.386296323384093,36.10788250233938
4.320333333333334,33.65698065827836,13.354703386223512,36.20967342528421
4.333666666666667,33.779110048878486,13.323110449062932,36.31161725580635
4.347,33.90123943947862,13.291517511902352,36.413712709665674
4.360333333333334,34.02336883007875,13.259924574741772,36.51595851508509
4.373666666666667,34.14549822067888,13.22833163758119,36.61835341262925
4.3870000000000005,34.26762761127901,13.19673870042061,36.720896155084105
4.400333333333334,34.38975700187915,13.16514576326003,36.82358550733727
4.413666666666667,34.511886392479276,13.13355282609945,36.9264202462592
4.427,34.634015783079406,13.10195988893887,37.029399160585314
4.44,34.11223585598134,12.967518269030458,36.49385105948313
4.453,33.934714003935134,12.860071400506204,36.28975407680505
4.467,34.09841916573609,12.795282777404092,36.4200693430967
4.48,34.54221572838932,12.783278130668274,36.831737227459264
4.493,35.15759801228602,12.827663570163697,37.42466634003305
4.507,35.80781367677126,12.925705376438735,38.06932334293406
4.52,36.3519429796055,13.069496483645143,38.62998183702009
4.533,36.669562164538036,13.247761829748603,38.98922906184044
4.547,36.68150178800932,13.447871862666426,39.0688857155976
4.56,36.36294143691578,13.6576516175844,38.8432099298175
4.573,35.74652361113151,13.86667982571158,38.34186692989765
4.587,34.91504594118463,14.066936936775688,37.6422521624073
4.6,33.98524207752316,14.25283968754138,36.85295263919304
4.613,33.085812833359135,14.420848702244822,36.091992022290874
4.627,32.33390467635384,14.568919532155382,35.46455706693593
4.64,31.814457216462625,14.696068731581793,35.04474460088854
4.653,31.566218203319707,14.802248388246023,34.864490373543745
4.667,31.57688214053134,14.888588423506018,34.91088012298694
4.68,31.788014567754654,14.957913663401053,35.13142540976016
4.693,32.10853188853336,15.01531489667615,35.44598004687286
4.707,32.433885758701685,15.06848712103287,35.763336666553435
4.72,32.66706401507905,15.127566274403835,35.99972684273803
4.733,32.737261408667,15.20429934040756,36.095692304929074
4.747,32.612632122013366,15.310551015482305,36.02772191415195
4.76,32.30478964016996,15.456344190669409,35.81198136707982
4.773,31.86440963183542,15.647802765134173,35.499215942918326
4.787,31.36907651794084,15.885466777133612,35.162010982249626
4.8,30.906038353437562,16.163447511478353,34.87750338198635
4.813,30.55349809943496,16.469772145720437,34.709791711333054
4.827,30.36428856496692,16.78804815323509,34.696232949009335
4.84,30.355220604128167,17.100296787899534,34.84048748452774
4.853,30.504182889146715,17.39052028326332,35.113179426777975
4.867,30.755459605262914,17.648343069587078,35.459304965450194
4.88,31.032049961316908,17.8719600767085,35.81054428216822
4.893,31.25236087419395,18.06967123252278,36.10018114445287
4.907,31.34778351329386,18.259486713635294,36.277987626682965
4.92,31.27752290225646,18.46662478886554,36.32216499596246
4.933,31.037647618155006,18.719135288633712,36.24557346246483
4.947,30.662534241765172,19.042288528420052,36.094317537903656
4.96,30.21844704341237,19.45268812646286,35.93830292405231
4.973,29.790596011973477,19.95322427256327,35.855414788004026
4.987,29.466330223617998,20.529936389317903,35.91299075539021
5.0,29.317885070926813,21.15159357943901,36.15146326197377
5.013,29.388162147646266,21.772362456508464,36.57457916851441
5.027,29.682374573881717,22.337387081243634,37.14838114859825
5.04,30.167176712044846,22.7905522887258,37.80830364352367
5.053,30.777368031572664,23.083244768442313,38.471841286721514
5.067,31.428730401604348,23.182658343288935,39.05381853952816
5.08,32.034337532169644,23.078172321062542,39.481651672715394
5.093,32.52100966164499,22.78458144554351,39.708352031548884
5.107,32.842605423972046,22.341440091224854,39.72123709534369
5.12,32.987534807233594,21.808423725463136,39.54471896534089
5.133,32.97909366854168,21.25729677024326,39.23637706486979
5.147,32.86870714611398,20.76168470299265,38.87672132733782
5.16,32.72361945576553,20.386266567496957,38.5543140886568
5.173,32.61168437005163,20.17715066976632,38.34891610726855
5.187,32.586468599471665,20.15503741177522,38.31583835510338
5.2,32.675770415725665,20.312330332140967,38.47462456975021
5.213,32.87590727122906,20.614703095121577,38.8045263159656
5.227,33.152898905381186,21.006879594225484,39.247976968459305
5.24,33.450223591831545,21.42166899020854,39.721598163588354
5.253,33.70145543045136,21.79074495739506,40.13258855255835
5.267,33.84508204685009,22.05536779463934,40.39713885060213
5.28,33.8383604603779,22.175271605475015,40.45710456054725
5.293,33.66728176524718,22.13427198397117,40.29158544561081
5.307,33.35053476486901,21.94173204606613,39.92114445108133
5.32,32.936612215155435,21.629750798259337,39.403889957798924
5.333,32.494629836748686,21.24667688314435,38.82424818079622
5.347,32.100732525218994,20.84817057265536,38.276667107811065
5.36,31.82287577000103,20.487428433678744,37.84745891203301
5.373,31.70710661159016,20.20628222389872,37.59833042823298
5.387,31.76816076790346,20.0286747731265,37.554811299526385
5.4,31.98630698276043,19.95754537971517,37.70182292646841
5.413,32.31109086553053,19.97551705981177,37.98720672446714
5.427,32.67122302861399,20.04908848295212,38.33242443653519
5.44,32.98860966225952,20.13542150741938,38.648202632598185
5.453,33.19369249946511,20.190390284004884,38.85193793840257
5.467,33.239017090908426,20.176391784792944,38.88340317697465
5.48,33.108330110499395,20.068532094574532,38.7157268191722
5.493,32.819434903810894,19.85816670390925,38.359641450953774
5.507,32.4203147248306,19.55330951529892,37.860384570922506
5.52,31.979399317528223,19.176027557765817,37.28809479721535
5.533,31.57202148419332,18.75749091582433,36.7237798443406
5.547,31.265847622116485,18.331747951050815,36.243705804874075
5.56,31.10822326631703,17.929474879025488,35.905259005118374
5.573,31.117926259218972,17.57288136621071,35.73697656748686
5.587,31.282866808918232,17.272663440636634,35.734614285283996
5.6,31.564019758370286,17.027447214628012,35.86392758683484
5.613,31.904584687410093,16.825655306528716,36.06944968488209
5.627,32.242313546991205,16.649254955416385,36.2872494608361
5.64,32.5223412152038,16.478503779001368,36.458795439683776
5.653,32.70782247344999,16.296658156322437,36.54288874759015
5.667,32.78621842737897,16.09367233722017,36.52317631402847
5.68,32.770064440308325,15.868172346111027,36.409834070314616
5.693,32.69227376450366,15.627378660508816,36.23533810649737
5.707,32.59722150619504,15.385091869065691,36.04552540529179
5.72,32.52975569758492,15.15825514674736,35.88812763071447
5.733,32.52470219822104,14.962886684792302,35.80145571097493
5.747,32.599278227575404,14.810281282054918,35.8058287519289
5.76,32.7501394444798,14.704296953667098,35.899693348752926
5.773,32.955708308364294,14.640292384461201,36.061293254797505
5.787,33.18320270713136,14.605920340351657,36.2554527056451
5.8,33.39867424681919,14.583587751945505,36.4438262695321
5.813,33.57762297622063,14.554046937951945,36.59613431778455
5.827,33.71355093546502,14.50035427093033,36.699642922795334
5.84,33.822207585945165,14.411366613057618,36.76451024619692
5.853,33.940194224218054,14.284052018976162,36.8235105069908
5.867,34.117844838239286,14.124144120088928,36.92585521732995
5.88,34.40762289814883,13.945014539581724,37.12610865698641
5.893,34.850380014996915,13.765002412712665,37.47031196309529
5.907,35.462464071175,13.603749992255647,37.982211255417624
5.92,36.226684113908334,13.478286648277997,38.65277290003975
5.933,37.08950737373818,13.399643675268802,39.43579602151768
5.947,37.96568775544942,13.370664495096717,40.25131197594337
5.96,38.75003084952473,13.385426494625229,40.996762473177476
5.973,39.33448802377504,13.430364979555268,41.56412697960305
5.987,39.62755547938019,13.486853917053567,41.85974655741836
6.0,39.57229657892357,13.534719789845164,41.822903968040194
6.013,39.15936423628849,13.555997923020577,41.439363980148734
6.027,38.43219033673641,13.538214842353453,40.74698166977347
6.04,37.48289850787489,13.476595866917329,39.83197605833614
6.053,36.439227631512054,13.374825919778962,38.816275951790416
6.067,35.44449295812826,13.244283296401253,37.83811730377367
6.080333333333334,35.52191454796741,13.274567961605522,37.921241642651715
6.093666666666667,35.59933613780656,13.304852626809788,38.004366023835566
6.107,35.676757727645715,13.335137292014057,38.08749044704825
6.120333333333334,35.75417931748487,13.365421957218324,38.17061491201519
6.133666666666667,35.83160090732402,13.395706622422592,38.25373941846417
6.147,35.90902249716317,13.425991287626859,38.336863966125385
6.160333333333334,35.98644408700232,13.456275952831128,38.41998855473132
6.173666666666667,36.06386567684147,13.486560618035394,38.50311318401679
6.187,36.14128726668063,13.516845283239663,38.5862378537189
6.200333333333334,36.218708856519775,13.54712994844393,38.669362563577
6.213666666666667,36.29613044635893,13.577414613648198,38.75248731333269
6.227,36.37355203619808,13.607699278852465,38.83561210272977
6.240333333333334,36.45097362603723,13.637983944056733,38.91873693151425
6.253666666666667,36.52839521587639,13.668268609261,39.00186179943427
6.267,36.605816805715534,13.698553274465269,39.084986706240144
6.28,36.68323839555469,13.728837939669535,39.1681116516843
6.293,36.93708502515591,13.632899089722715,39.37263247163135
6.307,36.848411468856554,13.61493316271222,39.283225845178244
6.32,36.436228201542775,13.675342802648245,38.91803857242608
6.333,35.767156426763435,13.803817801540507,38.33842543395192
6.347,34.943019964580905,13.980997525350343,37.63619183776372
6.36,34.08230257835916,14.182011554250089,36.91521096740083
6.373,33.29908803225129,14.38117456087499,36.2718547296658
6.387,32.68354999192532,14.556849045488551,35.7787128640456
6.4,32.28769386186541,14.695439295893397,35.47465448763143
6.413,32.11895140825091,14.793655468106971,35.36211647617594
6.427,32.14261975651325,14.858552482320377,35.410797600190605
6.44,32.2923497849483,14.905327107139644,35.566341262551624
6.453,32.48629018637646,14.953345259722646,35.76257239810818
6.467,32.645407046374565,15.021263792434514,35.93551122699365
6.48,32.71014204132793,15.122320000415423,36.036619632795926
6.493,32.65201115451885,15.2608394689837,36.0422953449543
6.506,32.477881501863784,15.430759917646201,35.95721260728009
6.52,32.22625426790489,15.616536598588185,35.810720175314856
6.533,31.95659173495296,15.796274466948184,35.64752505223361
6.547,31.734197569534665,15.946435378420176,35.51546278257388
6.56,31.614084750466574,16.047103643687734,35.4536301379836
6.573,31.627452598057207,16.086642645134695,35.48345853259828
6.587,31.773805965412823,16.06467660717229,35.604052859481214
6.6,32.02051103773461,15.992669195917133,35.79215829099609
6.613,32.30995515778497,15.891877370915012,36.006735045964334
6.627,32.57280656080482,15.789029808296336,36.19780641882709
6.64,32.74450826248035,15.710592849092487,36.3183913330643
6.653,32.781379547769276,15.676830975027396,36.33705924362185
6.667,32.67270507754319,15.696964128083694,36.247763240267155
6.68,32.44597232775175,15.76654237718622,36.07388222557756
6.693,32.16381761367872,15.867729118007347,35.86496885330374
6.706,31.91297330772922,15.972590022842626,35.68699339223815
6.72,31.787215842808084,16.048846361396837,35.60888316935803
6.733,31.86763914793724,16.06700109089854,35.688863093660984
6.746,32.204240213744555,16.007402791833755,35.9631760539106
6.76,32.80265559474832,15.865755094925662,36.43811738824926
6.773,33.61894832829282,15.655829733283323,37.08555906735101
6.786,34.56379534092612,15.408658783836511,37.842868732247666
6.8,35.515574035525404,15.168168866411621,38.619028287009826
6.813,36.34006599026922,14.983942201706805,39.3080007133562
6.826,36.9131468181257,14.902400603366114,39.80781269750588
6.84,37.142190389718806,14.958081222253892,40.04106018573515
6.853,36.98211719827883,15.16672443698861,39.97132125180225
6.866,36.443025356041474,15.521604466987512,39.61078517690212
6.88,35.587960225822826,15.993949829299595,39.01678285272762
6.893,34.52128348871034,16.5375312769872,38.27804794454956
6.906,33.36991479660334,17.096686499069353,37.49463832043225
6.92,32.26107796768126,17.616361758085738,36.75749383770002
6.933,31.30081956092652,18.052318678054966,36.1334680710243
6.946,30.55735727071775,18.379569578370315,35.658949244985365
6.96,30.05230621601685,18.597390699968898,35.34125138911375
6.973,29.76123066806096,18.72987104914841,35.164455354736546
6.986,29.62310264730243,18.821773668115604,35.09682855282492
7.0,29.556493952927287,18.930361972742038,35.09907319586181
7.013,29.47903596055606,19.114609810431787,35.13377106672173
7.026,29.32610674519561,19.423723199298244,35.175297578749266
7.04,29.064954871355354,19.887055709343564,35.21741879326845
7.053,28.701482248013154,20.507267074657012,35.27496401279987
7.066,28.27846886120138,21.25799848276446,35.37759602668265
7.08,27.865804741647132,22.08652610910315,35.557245527004746
7.093,27.544932030130617,22.920959383758742,35.83425260301146
7.106,27.390858888984134,23.680739713529427,36.20823917364901
7.12,27.45555541652898,24.28861918211611,36.65712134093391
7.133,27.756196295230694,24.682061417056094,37.14310957061494
7.146,28.27065670472821,24.82214720572461,37.6213904902418
7.16,28.941124477670456,24.698552403178432,38.04743324909799
7.173,29.684988214884868,24.329897502033024,38.38153772033224
7.186,30.410653855048437,23.759604603717953,38.591795485784125
7.2,31.034942924396564,23.04817975476742,38.65729261508911
7.213,31.49843801180672,22.26342257759064,38.57216071277318
7.226,31.775618650267052,21.470348762856602,38.349260965576605
7.24,31.8777672494031,20.722552927202784,38.02126042923666
7.253,31.84817636263813,20.056365214849073,37.637270401254
7.266,31.7508260717186,19.488550465005723,37.25477896141111
7.28,31.655077822594144,19.017590720153304,36.92848099710781
7.293,31.619758756492644,18.62792221112044,36.6988913963671
7.306,31.68011504418125,18.29599499289073,36.58378222645168
7.32,31.840473185745836,17.996776733792316,36.57457731127139
7.333,32.07420078590434,17.70936621790888,36.63844985659899
7.346,32.33096737052916,17.420691281665476,36.72563050303312
7.36,32.54970871774005,17.126761927598146,36.78055888284391
7.373,32.674434535151676,16.83151932325688,36.75484614198626
7.386,32.66935972496376,16.54384221177481,36.61947268827319
7.4,32.52992856161589,16.273636534623034,36.373444960367046
7.413,32.28712668202789,16.0280719363602,36.046603714891845
7.426,32.00387068495077,15.80892136248163,35.69551419246093
7.44,31.763941337316872,15.611641545860582,35.393097081732584
7.453,31.655534494228238,15.42638154208332,35.21428845791439
7.466,31.752705575007845,15.240628625489375,35.22088971382211
7.48,32.09852215325513,15.042803804675504,35.44856937492641
7.493,32.69349379282625,14.825890553473862,35.898071913198265
7.506,33.49185913732943,14.590168668246136,36.53187170461688
7.52,34.40677213887845,14.34433014467998,37.27714817842531
7.533,35.32365189540607,14.104627210034742,38.035521449848396
7.546,36.11930536462716,13.892158828875028,38.69878934734102
7.559333333333334,35.91323716682155,13.896820286996636,38.50820974661708
7.572666666666667,35.70716896901595,13.901481745118243,38.31779104400085
7.586,35.501100771210346,13.906143203239852,38.12753565019179
7.599333333333334,35.29503257340474,13.91080466136146,37.93744602215939
7.612666666666667,35.08896437559913,13.915466119483069,37.7475246642021
7.626,34.88289617779353,13.920127577604676,37.5577741290337
7.639333333333334,34.67682797998793,13.924789035726285,37.36819701889772
7.652666666666667,34.47075978218232,13.929450493847893,37.178795986710995
7.666,34.26469158437672,13.9341119519695,36.98957373723677
7.679333333333334,34.058623386571114,13.938773410091109,36.800533028288484
7.692666666666667,33.85255518876551,13.943434868212718,36.61167667196498
7.706,33.6464869909599,13.948096326334326,36.42300753591794
7.719333333333333,33.4404187931543,13.952757784455933,36.23452854465258
7.732666666666667,33.234350595348694,13.957419242577542,36.04624268086243
7.746,33.02828239754309,13.96208070069915,35.85815298679911
7.759333333333333,32.82221419973749,13.966742158820757,35.67026256567829
7.772666666666667,32.61614600193188,13.971403616942366,35.48257458312245
7.7860000000000005,32.410077804126274,13.976065075063975,35.295092268641845
7.799333333333333,32.20400960632067,13.980726533185583,35.107818917154525
7.812666666666667,31.997941408515068,13.98538799130719,34.920757890546454
7.8260000000000005,31.79187321070946,13.990049449428799,34.73391261927295
7.839333333333333,31.585805012903855,13.994710907550408,34.54728660400253
7.852666666666667,31.37973681509825,13.999372365672015,34.360883417304244
7.8660000000000005,31.17366861729265,14.004033823793623,34.17470670537982
7.879333333333333,30.96760041948704,14.008695281915232,33.9887601898417
7.892666666666667,30.76153222168144,14.01335674003684,33.80304766953834
7.906000000000001,30.555464023875835,14.018018198158448,33.6175730224279
7.92,30.34939582607023,14.022679656280056,33.43234020750177
7.933,30.484681468103663,14.019311754868683,33.55379123574476
7.946,30.78557292635375,14.060676063899306,33.844558082175574
7.96,31.208138014211045,14.139812744501949,34.2619640821075
7.973,31.692592942137974,14.246317593680875,34.7473454004198
7.986,32.17373269276958,14.368163805484517,35.23624847407888
8.0,32.59188478995687,14.493722994058484,35.66929997056743
8.013,32.902363947793695,14.613605683593093,36.00170863207215
8.026,33.08175984616678,14.72197745485964,36.20965968772489
8.04,33.13005617409178,14.817110830605765,36.29252533876544
8.053,33.06841435103367,14.901084641525726,36.27068170279632
8.066,32.933288383479585,14.978712071076556,36.1795978288544
8.08,32.76820259760842,15.055932010562838,36.06156111685408
8.093,32.614895763273964,15.138004918565038,35.95678821257156
8.106,32.50555203332795,15.227892475013146,35.89567692942916
8.12,32.45751470653863,15.325162045146946,35.893604620254905
8.133,32.47129607723719,15.425649788434454,35.94907148079109
8.146,32.531988164441536,15.521961559725302,36.04527076598197
8.16,32.61349745571952,15.60471960360787,36.15449474410405
8.173,32.684511491067184,15.664309883372706,36.244280866531625
8.186,32.71485359906662,15.692780595361592,36.28394974120816
8.2,32.68093065318504,15.685508072728833,36.250219197377696
8.213,32.5692971745092,15.642288891401243,36.13087765614818
8.226,32.37786020533124,15.567628101534476,35.925991652056844
8.24,32.114810271939334,15.470150933074185,35.646691413015546
8.253,31.79585468306021,15.361237649236129,35.31209420499712
8.266,31.440643006384256,15.253134155346244,34.94527341738635
8.28,31.06934930656193,15.156894242306313,34.569291421804095
8.293,30.700208415359235,15.080542745481862,34.20417469030352
8.306,30.348448195990766,15.027806248517972,33.86536975359535
8.32,30.02661363487722,14.997648203598022,33.563774787962714
8.333,29.745858130789475,14.984690596853095,33.30701169754609
8.346,29.517490407308546,14.980435280470667,33.10129425170445
8.36,29.353985619709313,14.97504790058263,32.953126276376956
8.373,29.268818251964667,14.959364794893979,32.870143244793645
8.386,29.2748169720635,14.926747238102113,32.86065568210723
8.4,29.38119332923757,14.874443449404465,32.931802097358194
8.413,29.589843191823146,14.804218095010071,33.08660897585768
8.426,29.891845637993068,14.722150745505001,33.32062661804215
8.44,30.26519729579729,14.63766036400282,33.61909083073834
8.453,30.67467723048308,14.561952133158188,33.95565156380757
8.466,31.074354344578047,14.506179817854056,34.29350887325928
8.48,31.412699880387237,14.479654762285959,34.58927746875136
8.493,31.63966906943525,14.488407155977105,34.79917528822696
8.506,31.714603166318124,14.534324613619662,34.88642495256724
8.52,31.61349870466007,14.61497603732822,34.82830493896053
8.533,31.334177005884396,14.724099953958065,34.6212329082926
8.546,30.898185403640728,14.85262165701338,34.28262287696406
8.56,30.348826227498293,14.989983722479648,33.84894186510256
8.573,29.745434064458394,15.125542499606208,33.37023948955769
8.586,29.1547608033899,15.249801087518255,32.90222653122054
8.6,28.640927161455078,15.355308816102081,32.49751094323437
8.613,28.25572855892014,15.437142128767514,32.197694847599635
8.626,28.031064845833264,15.492971833576497,32.0276875941318
8.64,27.974890737528877,15.522797435678191,31.99299535844958
8.653,28.07142414480365,15.528476068656168,32.08018738306079
8.666,28.285531666138112,15.513184586655075,32.26035024074808
8.68,28.570398771117322,15.48093064738971,32.49502884519342
8.693,28.876952781753253,15.436181845768576,32.74376447409861
8.706,29.163172593170188,15.383625855700473,32.9719059225761
8.72,29.401461478966787,15.328024963497944,33.157115169760836
8.733,29.582672160388203,15.274098410896233,33.2931310395215
8.746,29.716073320520128,15.226362784584031,33.38992568482736
8.76,29.825390146087635,15.188883958502643,33.470226967727605
8.773,29.941863576640063,15.164936240534603,33.56323115585871
8.786,30.09588450371681,15.156612631584148,33.69696084997811
8.8,30.30904203795238,15.164469840925843,33.890989581520245
8.813,30.588319330974098,15.187310212001005,34.1511298637277
8.826,30.923697884283534,15.222192566347632,34.46723425755845
8.84,31.289690778492396,15.264725101752095,34.81460299135598
8.853,31.650472820202666,15.309633487746812,35.15874439270444
8.866,31.967491713369004,15.351529884559387,35.462515368214305
8.88,32.20789603239467,15.385750430938668,35.69411552562514
8.893,32.35192119573744,15.409095449628937,35.83416006593402
8.906,32.39757788965535,15.420308940826203,35.880203189876305
8.92,32.36154862365424,15.420174794024797,35.84761665717004
8.933,32.27600136158298,15.411180471404128,35.7665311068196
8.946,32.181906329209816,15.396790506281183,35.675429259874996
8.96,32.120207890544854,15.380462517525958,35.612727811624325
8.973,32.122694310293646,15.364606939299868,35.6081259848332
8.986,32.20451708076717,15.349721201117097,35.675549909671304
9.0,32.360010316192145,15.333910162511946,35.8092036847519
9.013,32.56280719518743,15.312937873053981,35.983641821457724
9.026,32.77037644576055,15.280852441137514,36.15801465408016
9.04,32.93218645568175,15.231105878938484,36.28381858414606
9.053,32.99993695347395,15.157978939639676,36.31473756572964
9.066,32.93783844819861,15.058041513946044,36.21665108586592
9.08,32.73086543382262,14.931350820124509,35.97575279769191
9.093,32.389275601279124,14.782121225174548,35.60303753742609
9.106,31.948402662050043,14.618687684565836,35.13412105454416
9.12,31.463651963785626,14.452714090412423,34.62430272911553
9.133,31.00157066646857,14.297743640331287,34.13975478811584
9.146,30.628638329802925,14.1673216266768,33.746503344962676
9.16,30.399874267073955,14.073014228140003,33.49928484190873
9.173333333333334,30.489723108541277,14.005538600047915,33.552620265978454
9.186666666666667,30.5795719500086,13.938062971955825,33.60624674158004
9.2,30.669420791475922,13.870587343863736,33.660162877626846
9.213333333333333,30.759269632943248,13.803111715771646,33.714367284440875
9.226666666666667,30.84911847441057,13.735636087679557,33.76885857386039
9.24,30.938967315877893,13.668160459587467,33.82363535934585
9.253333333333334,31.028816157345215,13.600684831495379,33.87869625608394
9.266666666666667,31.118664998812537,13.533209203403288,33.9340398810899
9.28,31.20851384027986,13.4657335753112,33.98966485330803
9.293333333333333,31.298362681747186,13.39825794721911,34.045569793710385
9.306666666666667,31.38821152321451,13.330782319127021,34.10175332539378
9.32,31.47806036468183,13.26330669103493,34.15821407367495
9.333333333333334,31.567909206149153,13.195831062942842,34.21495066618398
9.346666666666668,31.657758047616475,13.128355434850752,34.27196173295601
9.36,31.747606889083798,13.060879806758663,34.32924590652112
9.373333333333333,31.837455730551124,12.993404178666573,34.386801821992584
9.386666666666667,31.927304572018446,12.925928550574485,34.444628117153286
9.4,32.017153413485765,12.858452922482394,34.5027234325405
9.413333333333334,32.107002254953095,12.790977294390306,34.561086411528954
9.426666666666668,32.19685109642042,12.723501666298215,34.61971570041213
9.44,32.28669993788774,12.656026038206127,34.678609948481956
9.453333333333333,32.37654877935506,12.588550410114037,34.73776780810678
9.466666666666667,32.466397620822384,12.521074782021948,34.79718793480771
9.48,32.55624646228971,12.453599153929858,34.856868987333236
9.493333333333334,32.64609530375703,12.38612352583777,34.91680962773229
9.506666666666668,32.73594414522435,12.318647897745679,34.97700852142565
9.52,32.825792986691674,12.25117226965359,35.037464337275686
9.533333333333333,32.915641828158996,12.1836966415615,35.098175747654565
9.546666666666667,33.00549066962632,12.116221013469412,35.15914142851085
9.56,33.09533951109364,12.048745385377323,35.220360059434476
9.573333333333334,33.185188352560964,11.981269757285233,35.28183032372025
9.586666666666666,33.27503719402829,11.913794129193143,35.34355090842972
9.6,33.364886035495616,11.846318501101054,35.40552050445155
9.613333333333333,33.45473487696294,11.778842873008964,35.46773780656041
9.626666666666667,33.54458371843026,11.711367244916875,35.53020151347425
9.64,33.63443255989758,11.643891616824785,35.59291032791026
9.653333333333334,33.724281401364905,11.576415988732697,35.65586295663916
9.666666666666666,33.81413024283223,11.508940360640608,35.71905811053818
9.68,33.90397908429955,11.441464732548518,35.78249450464253
9.693333333333333,33.99382792576687,11.373989104456427,35.84617085819546
9.706666666666667,34.083676767234195,11.306513476364339,35.910085894696884
9.72,34.17352560870152,11.23903784827225,35.97423834195068
9.733333333333334,34.26337445016884,11.17156222018016,36.03862693211049
9.746666666666666,34.35322329163617,11.10408659208807,36.103250401724274
9.76,34.44307213310349,11.036610963995981,36.16810749177743
9.773333333333333,34.532920974570814,10.969135335903893,36.23319694773466
9.786666666666667,34.62276981603814,10.901659707811802,36.29851751958045
9.8,34.71261865750546,10.834184079719714,36.36406796185829
9.813333333333333,34.80246749897278,10.766708451627624,36.42984703370859
9.826666666666666,34.892316340440104,10.699232823535535,36.495853498905376
9.84,34.982165181907426,10.631757195443445,36.56208612589166
9.853333333333333,35.07201402337475,10.564281567351355,36.62854368781367
9.866666666666667,35.16186286484207,10.496805939259266,36.69522496255376
9.88,35.25171170630939,10.429330311167178,36.762128732762214
9.893333333333334,35.341560547776716,10.361854683075087,36.82925378588783
9.906666666666666,35.43140938924404,10.294379054982997,36.8965989142073
9.92,35.52125823071137,10.226903426890908,36.96416291485353
9.933333333333334,35.61110707217869,10.15942779879882,37.031944589842716
9.946666666666667,35.70095591364601,10.09195217070673,37.09994274610041
9.96,35.790804755113335,10.024476542614641,37.16815619548641
9.973333333333333,35.88065359658066,9.95700091452255,37.23658375481858
9.986666666666666,35.97050243804798,9.889525286430462,37.30522424589569
10.0,36.0603512795153,9.822049658338372,37.374076495519
10.013333333333334,36.150200120982625,9.754574030246282,37.44313933551309
10.026666666666667,36.24004896244995,9.687098402154195,37.5124116027454
10.040000000000001,36.32989780391727,9.619622774062105,37.581892139144976
10.053333333333333,36.41974664538459,9.552147145970014,37.651579791720096
10.066666666666666,36.509595486851914,9.484671517877924,37.721473412574994
10.08,36.59944432831924,9.417195889785837,37.791571858925614
10.093333333333334,36.689293169786566,9.349720261693747,37.861873993114415
10.106666666666667,36.77914201125389,9.282244633601657,37.93237868262426
10.120000000000001,36.86899085272121,9.214769005509568,38.00308480009143
10.133333333333333,36.95883969418853,9.147293377417478,38.07399122331768
10.146666666666667,37.048688535655856,9.07981774932539,38.14509683528149
10.16,37.13853737712318,9.0123421212333,38.21640052414841
10.173,37.2283862185905,8.94486649314121,38.287901183280596
10.186,36.62312717132563,9.03508729812832,37.72116443446423
10.2,35.81857425159959,9.124646209853505,36.96254090119275
10.213,34.89651461372193,9.204965265378348,36.09013878779812
10.226,33.9514229351448,9.269326739938041,35.19402701500365
10.24,33.075184361053935,9.313891246909638,34.361553961905834
10.253,32.342637491895815,9.338185260573411,33.6637476210385
10.266,31.800611184453448,9.344968834031487,33.14524572565129
10.28,31.4624209938375,9.339513344234698,32.81936081493064
10.293,31.30869831946341,9.328433346177592,32.66885763465336
10.306,31.294171554208237,9.318303118309595,32.65204352362826
10.32,31.3588596318908,9.3143296605341,32.712915101496776
10.333,31.441308931704725,9.319341229728488,32.793383910402
10.346,31.491169218670393,9.333286299532272,32.8451514216021
10.36,31.478624164896175,9.353334916052589,32.83882844083561
10.373,31.398912470299944,9.374553499315816,32.76849031659975
10.386,31.2712391408548,9.391009614504824,32.65090288160882
10.4,31.132556607431937,9.397078210626828,32.5198579303722
10.413,31.027744916715147,9.388682365492725,32.417099055542536
10.426,30.998423463828182,9.364217223553304,32.38195209453417
10.44,31.07284424802246,9.324972051234862,32.44189811675904
10.453,31.259013534567746,9.274968352108361,32.605995845655464
10.466,31.542440473898935,9.220250559482071,32.86241883107644
10.48,31.888885574032386,9.167775725633508,33.180553565443205
10.493,32.2514022696014,9.124127613846468,33.51719936196051
10.506,32.580061562417086,9.094312974998212,33.825536801329676
10.52,32.83221113927145,9.080877567241329,34.06488552285076
10.533,32.981053374744654,9.083511504974052,34.20906404695621
10.546,33.020735292337754,9.099212361847103,34.25149084131421
10.56,32.966930214115884,9.122961247829961,34.20594845449829
10.573,32.852878855991754,9.148765113406766,34.10295518319136
10.586,32.72183082983621,9.170848387726256,33.982681957242285
10.6,32.61757733219605,9.18475241330347,33.88607424762381
10.613,32.57513602535397,9.188126072016239,33.84613933354259
10.626,32.61356852895313,9.181059308464135,33.88121459183921
10.64,32.73240698563821,9.165907961176242,33.9915332961932
10.653,32.91235704106765,9.146662918285886,34.15969391753183
10.666,33.12001181350121,9.128007490506782,34.35484977806201
10.68,33.31545923141907,9.114265780205047,34.539682461084716
10.693,33.46107559502804,9.108460540894535,34.678633672640764
10.706,33.529592266968926,9.11166961080488,34.74559080927604
10.72,33.50973472333933,9.122802898881181,34.729351476242805
10.733,33.4083066471199,9.138832113426576,34.63572152309509
10.746,33.24839186538655,9.155412195054234,34.48589761185941
10.76,33.06419315509982,9.167756073696719,34.31163972217814
10.773,32.893733280321804,9.171578280341048,34.14843389189867
10.786,32.771059691862725,9.163916423135948,34.02821942943607
10.8,32.71963765499205,9.143672343253648,33.97324582954586
10.813,32.748289244396055,9.11177845441989,33.992277873615016
10.826,32.85042178623259,9.070974777283164,34.07980039471317
10.84,33.00653444316217,9.025261134719123,34.218221089026855
10.853,33.189268680832214,8.979150493442864,34.382447544530116
10.866,33.36973833377105,8.936881570310135,34.54572750234243
10.88,33.52365105693362,8.901746414337174,34.685389855272085
10.893,33.63585595388473,8.875654178039689,34.78718216295531
10.906,33.70238299898268,8.858994889062805,34.84727263724606
10.92,33.729670037137126,8.850800346003144,34.87158309539381
10.933,33.73135098171098,8.8491381741114,34.872787176764206
10.946,33.72354508711672,8.851632414601474,34.86586998263513
10.96,33.71991181811193,8.855987832119222,34.86346186918173
10.973,33.727747660403395,8.860407126376767,34.87216334971197
10.986,33.74610351585085,8.863825747207537,34.890785450880585
11.0,33.76637023777254,8.865938335568396,34.910924101267106
11.013,33.77514584904355,8.867041675363595,34.91969222654745
11.026,33.7586148510423,8.867759540928573,34.90388568536093
11.04,33.70727867888422,8.868736166012988,34.85448489245408
11.053,33.61977168157172,8.870383460254189,34.7702854554426
11.066,33.50470555903641,8.872744459493843,34.65964351866886
11.08,33.37995880317567,8.87549870891482,34.5397760130788
11.093,33.26945453617231,8.878094373673605,34.433663250405
11.106,33.19810071163144,8.879957473772212,34.36520821405898
11.12,33.18604871688831,8.880709343631517,34.353760025443336
11.133,33.243640908190564,8.88032372123246,34.40929831058176
11.146,33.36830705820325,8.879174150234444,34.529460602805955
11.16,33.54425265254932,8.877955122502252,34.699207097212266
11.173,33.74514988053153,8.87749765186226,34.893338977781376
11.186,33.939339198899354,8.878531656479538,35.081434828596386
11.2,34.09643968109633,8.88146496137494,35.234182533255556
11.213,34.19389624499621,8.886246885512753,35.329703142311445
11.226,34.221955143091456,8.892363202767987,35.35839839621848
11.24,34.18587428456412,8.89897380630378,35.325143105234595
11.253,34.104779090644456,8.905163633212153,35.248232525276265
11.266,34.00733586635153,8.910242051446547,35.15524578412453
11.28,33.9251611456906,8.914005796337758,35.07671675197407
11.293,33.88544356632398,8.916882056470092,35.03903639222297
11.306,33.90448919632265,8.919892633972141,35.05822117942024
11.32,33.98374677549025,8.924422672255062,35.136026595699526
11.333,34.10934805717271,8.931828762225912,35.25939860410381
11.346,34.25541694065652,8.942968960563775,35.403534902715926
11.36,34.39052881408082,8.957769040725967,35.53800920562534
11.373,34.485934279317846,8.974945811496221,35.634664519772365
11.386,34.523677963122296,8.991985676218084,35.67548382997331
11.4,34.50266444356322,9.005427569988486,35.658541465172554
11.413,34.441083822634226,9.011433268047101,35.60048011505158
11.426,34.374346583931455,9.006558775806777,35.53468452166562
11.44,34.34864249730331,8.988583819478837,35.50526553185242
11.453,34.41122712630325,8.957226345193467,35.55790286472273
11.466,34.59933521222656,8.914574365777147,35.72931056221197
11.48,34.930040881989754,8.865110085700486,36.03745180848757
11.493,35.39332380833039,8.815274476229396,36.47459985102768
11.506,35.95005246851062,8.772610716905582,37.00493171563803
11.52,36.53565955326428,8.744613997528413,37.56757502099119
11.533,37.06914550537805,8.737484126847644,38.084973117567046
11.546,37.465937724672784,8.75501053427854,38.47527386574899
11.56,37.65228845466071,8.797807691176322,38.666474445492156
